{"products":[{"id":"0.9920409952669782","qty":1}],"totalPrice":34.53999999999999}